{
	"version": 2,
	"data": {
		"api::weapon.weapon": {
			"4": {
				"id": 4,
				"name": "المشاه",
				"requested": 4,
				"achieved": 2,
				"createdAt": "2022-12-19T17:15:45.362Z",
				"updatedAt": "2022-12-19T17:15:54.534Z",
				"publishedAt": "2022-12-19T17:15:54.529Z",
				"type": 4,
				"createdBy": null,
				"updatedBy": null
			},
			"5": {
				"id": 5,
				"name": "المدرعات",
				"requested": 4,
				"achieved": 3,
				"createdAt": "2022-12-19T17:16:08.526Z",
				"updatedAt": "2022-12-19T17:16:14.609Z",
				"publishedAt": "2022-12-19T17:16:14.602Z",
				"type": 4,
				"createdBy": null,
				"updatedBy": null
			},
			"6": {
				"id": 6,
				"name": "المدفعيه",
				"requested": 10,
				"achieved": 8,
				"createdAt": "2022-12-19T17:16:30.711Z",
				"updatedAt": "2022-12-19T17:16:32.661Z",
				"publishedAt": "2022-12-19T17:16:32.656Z",
				"type": 4,
				"createdBy": null,
				"updatedBy": null
			},
			"7": {
				"id": 7,
				"name": "الدفاع الجوى",
				"requested": 7,
				"achieved": 3,
				"createdAt": "2022-12-19T17:17:10.815Z",
				"updatedAt": "2022-12-19T17:17:12.957Z",
				"publishedAt": "2022-12-19T17:17:12.950Z",
				"type": 4,
				"createdBy": null,
				"updatedBy": null
			},
			"8": {
				"id": 8,
				"name": "الهيئة الهندسية",
				"requested": 12,
				"achieved": 11,
				"createdAt": "2022-12-19T17:17:36.557Z",
				"updatedAt": "2022-12-19T17:17:38.558Z",
				"publishedAt": "2022-12-19T17:17:38.552Z",
				"type": 4,
				"createdBy": null,
				"updatedBy": null
			},
			"9": {
				"id": 9,
				"name": "هيئة الامداد والتموين",
				"requested": 8,
				"achieved": 3,
				"createdAt": "2022-12-19T17:18:01.027Z",
				"updatedAt": "2022-12-19T17:18:02.988Z",
				"publishedAt": "2022-12-19T17:18:02.981Z",
				"type": 4,
				"createdBy": null,
				"updatedBy": null
			},
			"10": {
				"id": 10,
				"name": "الاشارة",
				"requested": 3,
				"achieved": 3,
				"createdAt": "2022-12-19T17:18:24.149Z",
				"updatedAt": "2022-12-19T17:18:25.774Z",
				"publishedAt": "2022-12-19T17:18:25.766Z",
				"type": 4,
				"createdBy": null,
				"updatedBy": null
			},
			"11": {
				"id": 11,
				"name": "مخ وسطع",
				"requested": 6,
				"achieved": 5,
				"createdAt": "2022-12-19T17:18:46.515Z",
				"updatedAt": "2022-12-19T17:18:48.535Z",
				"publishedAt": "2022-12-19T17:18:48.524Z",
				"type": 4,
				"createdBy": null,
				"updatedBy": null
			},
			"12": {
				"id": 12,
				"name": "الاسلحة والذحيرة",
				"requested": 9,
				"achieved": 7,
				"createdAt": "2022-12-19T17:19:15.927Z",
				"updatedAt": "2022-12-19T17:19:17.644Z",
				"publishedAt": "2022-12-19T17:19:17.639Z",
				"type": 4,
				"createdBy": null,
				"updatedBy": null
			},
			"13": {
				"id": 13,
				"name": "مركبات",
				"requested": 6,
				"achieved": 6,
				"createdAt": "2022-12-19T17:20:00.141Z",
				"updatedAt": "2022-12-19T17:20:02.103Z",
				"publishedAt": "2022-12-19T17:20:02.096Z",
				"type": 4,
				"createdBy": null,
				"updatedBy": null
			},
			"14": {
				"id": 14,
				"name": "ح.كيما",
				"requested": 3,
				"achieved": 1,
				"createdAt": "2022-12-19T17:20:27.355Z",
				"updatedAt": "2022-12-19T17:20:29.281Z",
				"publishedAt": "2022-12-19T17:20:29.274Z",
				"type": 4,
				"createdBy": null,
				"updatedBy": null
			},
			"15": {
				"id": 15,
				"name": "ح.الك",
				"requested": 4,
				"achieved": 3,
				"createdAt": "2022-12-19T17:20:57.029Z",
				"updatedAt": "2022-12-19T17:20:59.708Z",
				"publishedAt": "2022-12-19T17:20:59.703Z",
				"type": 4,
				"createdBy": null,
				"updatedBy": null
			},
			"16": {
				"id": 16,
				"name": "ح.حدود",
				"requested": 6,
				"achieved": 5,
				"createdAt": "2022-12-19T17:21:27.727Z",
				"updatedAt": "2022-12-19T17:21:29.376Z",
				"publishedAt": "2022-12-19T17:21:29.368Z",
				"type": 4,
				"createdBy": null,
				"updatedBy": null
			},
			"17": {
				"id": 17,
				"name": "التربية الرياضية",
				"requested": 3,
				"achieved": 2,
				"createdAt": "2022-12-19T17:21:51.409Z",
				"updatedAt": "2022-12-19T17:21:52.955Z",
				"publishedAt": "2022-12-19T17:21:52.947Z",
				"type": 4,
				"createdBy": null,
				"updatedBy": null
			},
			"18": {
				"id": 18,
				"name": "نظم المعلومات",
				"requested": 15,
				"achieved": 5,
				"createdAt": "2022-12-19T17:22:12.083Z",
				"updatedAt": "2022-12-19T17:22:13.894Z",
				"publishedAt": "2022-12-19T17:22:13.884Z",
				"type": 4,
				"createdBy": null,
				"updatedBy": null
			},
			"19": {
				"id": 19,
				"name": "اجهزة القيادة",
				"requested": 20,
				"achieved": 18,
				"createdAt": "2022-12-19T17:22:33.941Z",
				"updatedAt": "2022-12-19T17:22:35.647Z",
				"publishedAt": "2022-12-19T17:22:35.635Z",
				"type": 4,
				"createdBy": null,
				"updatedBy": null
			}
		},
		"api::nashara.nashara": {
			"1": {
				"id": 1,
				"name": "نشرة الضباط يناير 2023م",
				"date": "2023-01-01",
				"createdAt": "2022-12-19T09:20:29.835Z",
				"updatedAt": "2022-12-19T09:45:53.937Z",
				"publishedAt": "2022-12-19T09:20:30.710Z",
				"description": "تم انشاء نشرة الضباط يناير 2023 بهدف تحليل متطلبات الجيش والتى تم تنقيذها.",
				"types": [
					4,
					5,
					6
				],
				"createdBy": null,
				"updatedBy": null
			}
		},
		"api::type.type": {
			"4": {
				"id": 4,
				"createdAt": "2022-12-19T09:20:48.562Z",
				"updatedAt": "2022-12-19T17:13:55.360Z",
				"publishedAt": "2022-12-19T09:20:51.063Z",
				"name": " النشرة القيادية يناير2023",
				"nashara": 1,
				"weapons": [
					4,
					5,
					6,
					7,
					8,
					9,
					10,
					11,
					12,
					13,
					14,
					15,
					16,
					17,
					18,
					19
				],
				"createdBy": null,
				"updatedBy": null
			},
			"5": {
				"id": 5,
				"createdAt": "2022-12-19T09:21:13.456Z",
				"updatedAt": "2022-12-19T09:24:40.674Z",
				"publishedAt": "2022-12-19T09:21:15.447Z",
				"name": "النشرة الفرعية يناير2023",
				"nashara": 1,
				"weapons": [],
				"createdBy": 1,
				"updatedBy": 1
			},
			"6": {
				"id": 6,
				"createdAt": "2022-12-19T09:21:32.338Z",
				"updatedAt": "2022-12-19T09:24:50.004Z",
				"publishedAt": "2022-12-19T09:21:34.383Z",
				"name": "نشرة الشرفيين يناير2023",
				"nashara": 1,
				"weapons": [],
				"createdBy": 1,
				"updatedBy": 1
			}
		}
	}
}